epoch,train_loss,train_accuracy,valid_loss,valid_accuracy,test_loss,test_accuracy
1.0,0.6931471805599377,0.498,0.6605212884501815,0.49,0.6587415823993386,0.5517241379310345
10.0,0.47075802836453484,0.8642857142857143,0.46692017739748276,0.84,0.45351249547598993,0.8758620689655172
20.0,0.3547242190344663,0.926,0.363208938726699,0.92,0.34405046306540815,0.9379310344827586
30.0,0.29280230903061577,0.9394285714285714,0.3063835308971693,0.95,0.28506278818045494,0.9379310344827586
40.0,0.2549327213083626,0.9465714285714286,0.2708590095333924,0.96,0.24890795210098776,0.9586206896551724
50.0,0.22951327014092093,0.9497142857142857,0.24657789313970593,0.96,0.22468095439089975,0.9586206896551724
60.0,0.2113075076463932,0.952,0.22892135999247495,0.96,0.20739533496681903,0.9517241379310345
70.0,0.19764118110936027,0.9542857142857143,0.21549415745938832,0.96,0.19448464232632187,0.9517241379310345
80.0,0.18701393192177412,0.9557142857142857,0.20493428602866537,0.96,0.1845025172427372,0.9517241379310345
90.0,0.178520792595701,0.9565714285714285,0.1964104184231305,0.96,0.1765744730832373,0.9517241379310345
100.0,0.17158391939441114,0.958,0.18938606966560007,0.96,0.17014156196636815,0.9517241379310345
110.0,0.16581706558906104,0.9588571428571429,0.18349918943170979,0.96,0.1648301336930493,0.9517241379310345
120.0,0.16095219589473275,0.9605714285714285,0.178496336974753,0.97,0.16038103394265524,0.9517241379310345
130.0,0.15679741670406083,0.9605714285714285,0.1741946155226823,0.97,0.15660890768147057,0.9517241379310345
140.0,0.15321168296185908,0.9605714285714285,0.17045860276875335,0.97,0.15337768952668462,0.9517241379310345
150.0,0.15008896680451236,0.9611428571428572,0.16718580411033995,0.97,0.15058524712360966,0.9517241379310345
160.0,0.14734800111727134,0.9617142857142857,0.16429716337351696,0.97,0.14815342733878611,0.9517241379310345
170.0,0.14492543386280388,0.9617142857142857,0.16173068831861415,0.97,0.14602141194104973,0.9586206896551724
180.0,0.14277113852536827,0.9622857142857143,0.15943705741716496,0.97,0.14414116692342036,0.9586206896551724
190.0,0.14084492718615307,0.9625714285714285,0.15737652307112912,0.97,0.14247425432117763,0.9586206896551724
200.0,0.13911419946798723,0.9622857142857143,0.15551668463656868,0.97,0.140989553194568,0.9586206896551724
210.0,0.13755223014445245,0.9631428571428572,0.15383085813834094,0.97,0.13966160095997426,0.9586206896551724
220.0,0.13613690147231544,0.9634285714285714,0.15229686354882166,0.97,0.13846936654784106,0.9586206896551724
230.0,0.1348497508738738,0.964,0.15089610956082491,0.97,0.13739532962038262,0.9586206896551724
240.0,0.13367524593552757,0.964,0.14961289377447184,0.97,0.13642478027892724,0.9586206896551724
250.0,0.13260022572997937,0.9642857142857143,0.14843386117912474,0.97,0.13554527999036967,0.9655172413793104
260.0,0.13161346550514466,0.9651428571428572,0.14734758053171193,0.97,0.1347462420044035,0.9655172413793104
270.0,0.1307053340278299,0.9651428571428572,0.14634420963143316,0.97,0.13401860144208982,0.9655172413793104
280.0,0.1298675213200806,0.966,0.14541522838785692,0.97,0.13335455345255803,0.9655172413793104
290.0,0.12909282044496434,0.9662857142857143,0.14455322413215138,0.97,0.13274734358811457,0.9655172413793104
300.0,0.1283749512022351,0.9668571428571429,0.14375171757927985,0.97,0.13219109863261702,0.9655172413793104
310.0,0.12770841661813845,0.9668571428571429,0.14300502070628357,0.97,0.13168068905482572,0.9655172413793104
320.0,0.12708838531476613,0.9671428571428572,0.14230811989877765,0.97,0.13121161639514384,0.9655172413793104
330.0,0.12651059446438645,0.9674285714285714,0.14165657925887376,0.97,0.1307799204658589,0.9655172413793104
340.0,0.12597126923882468,0.9674285714285714,0.14104646011738378,0.97,0.13038210241304135,0.9655172413793104
350.0,0.12546705556843624,0.9677142857142857,0.14047425365896224,0.97,0.13001506056464762,0.9655172413793104
360.0,0.12499496371042566,0.9682857142857143,0.1399368242267532,0.97,0.12967603665290278,0.9655172413793104
370.0,0.12455232064979901,0.9685714285714285,0.13943136137722065,0.97,0.12936257050564526,0.9655172413793104
380.0,0.12413672975943055,0.9688571428571429,0.13895533914518315,0.97,0.12907246169120665,0.9655172413793104
390.0,0.1237460364585819,0.9688571428571429,0.13850648128199963,0.97,0.1288037369037222,0.9655172413793104
400.0,0.12337829885370212,0.9688571428571429,0.13808273146720856,0.97,0.12855462211184598,0.9655172413793104
410.0,0.1230317625376793,0.9688571428571429,0.13768222768113283,0.97,0.12832351867944,0.9655172413793104
420.0,0.12270483887598814,0.9688571428571429,0.1373032800745487,0.97,0.1281089828136357,0.9655172413793104
430.0,0.1223960862294772,0.9694285714285714,0.1369443517901539,0.97,0.1279097078125285,0.9655172413793104
440.0,0.12210419366069014,0.9694285714285714,0.1366040422858264,0.97,0.1277245086783097,0.9655172413793104
450.0,0.12182796674887818,0.9694285714285714,0.1362810727865649,0.97,0.1275523087369281,0.9655172413793104
460.0,0.12156631520220934,0.9697142857142858,0.13597427355439468,0.97,0.1273921279662768,0.9655172413793104
470.0,0.12131824200722097,0.9697142857142858,0.13568257271639605,0.97,0.1272430727844159,0.9655172413793104
480.0,0.1210828338977027,0.97,0.13540498643268692,0.97,0.12710432708979097,0.9655172413793104
490.0,0.1208592529597814,0.97,0.1351406102204744,0.97,0.12697514437858437,0.9655172413793104
500.0,0.12064672921851925,0.9705714285714285,0.13488861127862606,0.97,0.12685484079168563,0.9655172413793104
510.0,0.12044455407494209,0.9705714285714285,0.13464822168071278,0.97,0.12674278896639435,0.9655172413793104
520.0,0.12025207448206644,0.9705714285714285,0.13441873232405135,0.97,0.12663841258675804,0.9655172413793104
530.0,0.12006868776486623,0.9705714285714285,0.13419948753864208,0.97,0.12654118154212288,0.9655172413793104
540.0,0.11989383700285144,0.9705714285714285,0.1339898802736227,0.97,0.1264506076165877,0.9655172413793104
550.0,0.1197270069054508,0.9705714285714285,0.13378934779042226,0.97,0.1263662406430645,0.9655172413793104
560.0,0.11956772012012414,0.9705714285714285,0.13359736780155887,0.97,0.12628766506493047,0.9655172413793104
570.0,0.11941553392134599,0.9705714285714285,0.13341345500229745,0.97,0.12621449685609462,0.9655172413793104
580.0,0.11927003723558469,0.9705714285714285,0.13323715794941432,0.97,0.1261463807569596,0.9655172413793104
590.0,0.11913084796333863,0.9708571428571429,0.1330680562473092,0.97,0.12608298778941057,0.9655172413793104
600.0,0.11899761056435823,0.9708571428571429,0.13290575800682675,0.97,0.12602401301878727,0.9655172413793104
610.0,0.11886999387652472,0.9708571428571429,0.13274989754654185,0.97,0.12596917353492584,0.9655172413793104
620.0,0.11874768914257533,0.9708571428571429,0.13260013331003634,0.97,0.12591820662788705,0.9655172413793104
630.0,0.11863040822206657,0.9708571428571429,0.13245614597594846,0.97,0.12587086813703804,0.9655172413793104
640.0,0.11851788196873786,0.9708571428571429,0.13231763674038105,0.97,0.12582693095476988,0.9655172413793104
650.0,0.11840985875581274,0.9708571428571429,0.132184325753693,0.97,0.12578618366840255,0.9655172413793104
660.0,0.1183061031338578,0.9708571428571429,0.13205595069580087,0.97,0.12574842932578914,0.9655172413793104
670.0,0.11820639460761102,0.9708571428571429,0.13193226547596232,0.97,0.12571348431183438,0.9655172413793104
680.0,0.11811052651975178,0.9708571428571429,0.13181303904460306,0.97,0.1256811773246227,0.9655172413793104
690.0,0.11801830503096361,0.9708571428571429,0.1316980543061562,0.97,0.1256513484411459,0.9655172413793104
700.0,0.11792954818681917,0.9708571428571429,0.13158710712309918,0.97,0.12562384826374204,0.9655172413793104
710.0,0.11784408506306793,0.9708571428571429,0.13148000540244875,0.97,0.12559853713935232,0.9655172413793104
720.0,0.1177617549818295,0.9708571428571429,0.13137656825691843,0.97,0.1255752844445606,0.9655172413793104
730.0,0.11768240679199259,0.9708571428571429,0.13127662523376848,0.97,0.12555396793014872,0.9655172413793104
740.0,0.11760589820783623,0.9708571428571429,0.13118001560511555,0.97,0.12553447311956117,0.9655172413793104
750.0,0.11753209520051408,0.9711428571428572,0.13108658771410922,0.97,0.12551669275627453,0.9655172413793104
760.0,0.11746087143759625,0.9711428571428572,0.13099619837196136,0.97,0.1255005262955759,0.9655172413793104
770.0,0.11739210776635682,0.9711428571428572,0.1309087123013147,0.97,0.1254858794367269,0.9655172413793104
780.0,0.11732569173692355,0.9711428571428572,0.13082400162189253,0.97,0.12547266369189186,0.9655172413793104
790.0,0.11726151716179994,0.9711428571428572,0.1307419453747677,0.97,0.125460795988574,0.9655172413793104
800.0,0.11719948370861014,0.9711428571428572,0.1306624290819478,0.97,0.12545019830262724,0.9655172413793104
810.0,0.11713949652321735,0.9714285714285714,0.13058534433829017,0.97,0.12544079731919522,0.9655172413793104
820.0,0.11708146588065488,0.9717142857142858,0.13051058843304503,0.97,0.12543252411918943,0.9655172413793104
830.0,0.11702530686153477,0.9717142857142858,0.130438063998578,0.97,0.12542531388914224,0.9655172413793104
840.0,0.11697093905183072,0.9717142857142858,0.1303676786840516,0.97,0.12541910565248038,0.9655172413793104
850.0,0.11691828626412158,0.9717142857142858,0.13029934485204867,0.97,0.12541384202044267,0.9655172413793104
860.0,0.11686727627855673,0.9717142857142858,0.13023297929630417,0.97,0.12540946896103197,0.9655172413793104
870.0,0.11681784060196655,0.9717142857142858,0.130168502978876,0.97,0.12540593558453997,0.9655172413793104
880.0,0.1167699142436807,0.9717142857142858,0.13010584078523474,0.97,0.12540319394431282,0.9655172413793104
890.0,0.11672343550673847,0.9717142857142858,0.13004492129588427,0.97,0.12540119885154744,0.9655172413793104
900.0,0.11667834579330452,0.9717142857142858,0.1299856765732479,0.97,0.12539990770301357,0.9655172413793104
910.0,0.11663458942319167,0.9717142857142858,0.1299280419626603,0.97,0.12539928032069486,0.9655172413793104
920.0,0.1165921134644981,0.972,0.12987195590640946,0.97,0.12539927880243007,0.9655172413793104
930.0,0.11655086757544586,0.972,0.12981735976985487,0.97,0.12539986738271136,0.9655172413793104
940.0,0.11651080385658248,0.9722857142857143,0.12976419767873704,0.97,0.1254010123028736,0.9655172413793104
950.0,0.11647187671258188,0.9722857142857143,0.12971241636685885,0.97,0.12540268168996707,0.9655172413793104
960.0,0.11643404272294507,0.9722857142857143,0.12966196503339308,0.97,0.12540484544367056,0.9655172413793104
970.0,0.11639726052094898,0.9722857142857143,0.12961279520912564,0.97,0.1254074751306502,0.9655172413793104
980.0,0.11636149068025776,0.9722857142857143,0.1295648606310026,0.97,0.12541054388582282,0.9655172413793104
990.0,0.11632669560864356,0.9722857142857143,0.12951811712439762,0.97,0.12541402632002158,0.9655172413793104
1000.0,0.11629283944832504,0.9725714285714285,0.129472522492563,0.97,0.12541789843360562,0.9655172413793104
1010.0,0.11625988798245131,0.9725714285714285,0.12942803641276865,0.97,0.12542213753558967,0.9655172413793104
1020.0,0.11622780854731057,0.9725714285714285,0.12938462033867285,0.97,0.12542672216790707,0.9655172413793104
1030.0,0.11619656994986949,0.9731428571428572,0.1293422374085023,0.97,0.12543163203444094,0.9655172413793104
1040.0,0.11616614239027973,0.9734285714285714,0.1293008523586507,0.97,0.12543684793449902,0.9655172413793104
1050.0,0.11613649738901508,0.9734285714285714,0.12926043144233712,0.97,0.1254423517004212,0.9655172413793104
1060.0,0.11610760771833001,0.9734285714285714,0.12922094235298764,0.97,0.12544812613903975,0.9655172413793104
1070.0,0.11607944733775398,0.9737142857142858,0.12918235415203316,0.97,0.1254541549767298,0.9655172413793104
1080.0,0.11605199133335067,0.9737142857142858,0.12914463720083597,0.97,0.12546042280780922,0.9655172413793104
1090.0,0.11602521586050271,0.9737142857142858,0.1291077630964787,0.97,0.12546691504606344,0.9655172413793104
1100.0,0.11599909808998686,0.9737142857142858,0.12907170461116957,0.97,0.12547361787918745,0.9655172413793104
1110.0,0.11597361615713145,0.9737142857142858,0.12903643563503495,0.97,0.12548051822595574,0.9655172413793104
1120.0,0.11594874911385872,0.9737142857142858,0.12900193112208586,0.97,0.12548760369593737,0.9655172413793104
1130.0,0.11592447688342944,0.9737142857142858,0.12896816703916011,0.97,0.1254948625515946,0.9655172413793104
1140.0,0.1159007802177171,0.9737142857142858,0.1289351203176572,0.97,0.12550228367261082,0.9655172413793104
1150.0,0.11587764065685696,0.9737142857142858,0.12890276880789261,0.97,0.12550985652230223,0.9655172413793104
1160.0,0.11585504049112323,0.9737142857142858,0.1288710912359135,0.97,0.12551757111598627,0.9655172413793104
1170.0,0.11583296272489205,0.9737142857142858,0.12884006716262525,0.97,0.12552541799117595,0.9655172413793104
1180.0,0.11581139104256975,0.9737142857142858,0.12880967694509174,0.97,0.12553338817949225,0.9655172413793104
1190.0,0.11579030977636157,0.9737142857142858,0.12877990169987852,0.97,0.12554147318018372,0.9655172413793104
1200.0,0.11576970387577301,0.9737142857142858,0.12875072326831766,0.97,0.12554966493515385,0.9655172413793104
1210.0,0.11574955887873917,0.9737142857142858,0.1287221241835822,0.97,0.1255579558054048,0.9655172413793104
1220.0,0.11572986088428638,0.9737142857142858,0.12869408763946513,0.97,0.12556633854880955,0.9655172413793104
1230.0,0.11571059652663207,0.9737142857142858,0.12866659746076153,0.97,0.125574806299132,0.9655172413793104
1240.0,0.11569175295064302,0.9737142857142858,0.12863963807516443,0.97,0.12558335254621983,0.9655172413793104
1250.0,0.11567331778857352,0.9737142857142858,0.12861319448658615,0.97,0.12559197111729886,0.9655172413793104
1260.0,0.1156552791380005,0.9737142857142858,0.12858725224982448,0.97,0.12560065615930427,0.9655172413793104
1270.0,0.11563762554090068,0.9737142857142858,0.12856179744649823,0.97,0.1256094021221848,0.9655172413793104
1280.0,0.11562034596378873,0.974,0.12853681666218048,0.97,0.1256182037431259,0.9655172413793104
1290.0,0.11560342977887349,0.974,0.12851229696466332,0.97,0.12562705603163316,0.9655172413793104
1300.0,0.11558686674615959,0.974,0.1284882258832906,0.97,0.1256359542554307,0.9655172413793104
1310.0,0.11557064699644762,0.974,0.12846459138930147,0.97,0.12564489392712272,0.9655172413793104
1320.0,0.11555476101518727,0.974,0.12844138187712761,0.97,0.12565387079157658,0.9655172413793104
1330.0,0.11553919962712503,0.9742857142857143,0.12841858614659432,0.97,0.12566288081398613,0.9655172413793104
1340.0,0.11552395398171852,0.9742857142857143,0.12839619338597463,0.97,0.12567192016857226,0.9655172413793104
1350.0,0.11550901553925463,0.9742857142857143,0.12837419315585308,0.97,0.12568098522789162,0.9655172413793104
1360.0,0.11549437605765583,0.9742857142857143,0.12835257537375366,0.97,0.12569007255271106,0.9655172413793104
1370.0,0.11548002757991949,0.9742857142857143,0.12833133029949292,0.97,0.1256991788824215,0.9655172413793104
1380.0,0.11546596242216522,0.9742857142857143,0.12831044852121992,0.97,0.1257083011259581,0.9655172413793104
1390.0,0.11545217316225474,0.9742857142857143,0.12828992094210565,0.97,0.12571743635319926,0.9655172413793104
1400.0,0.1154386526289574,0.9742857142857143,0.1282697387676511,0.97,0.1257265817868176,0.9655172413793104
1410.0,0.11542539389162418,0.9742857142857143,0.12824989349357807,0.97,0.12573573479455807,0.9655172413793104
1420.0,0.11541239025035414,0.9742857142857143,0.12823037689427635,0.97,0.125744892881919,0.9655172413793104
1430.0,0.11539963522662006,0.9742857142857143,0.1282111810117761,0.97,0.1257540536852147,0.9655172413793104
1440.0,0.11538712255433092,0.9742857142857143,0.12819229814522115,0.97,0.12576321496499793,0.9655172413793104
1450.0,0.11537484617131011,0.9742857142857143,0.12817372084081455,0.97,0.12577237459982307,0.9655172413793104
1460.0,0.11536280021116693,0.9742857142857143,0.12815544188221667,0.97,0.12578153058033115,0.9655172413793104
1470.0,0.11535097899554092,0.9742857142857143,0.1281374542813702,0.97,0.12579068100364016,0.9655172413793104
1480.0,0.11533937702670179,0.9742857142857143,0.12811975126973157,0.97,0.12579982406802245,0.9655172413793104
1490.0,0.11532798898048342,0.9742857142857143,0.12810232628988957,0.97,0.1258089580678555,0.9655172413793104
1500.0,0.11531680969953889,0.9745714285714285,0.12808517298755068,0.97,0.12581808138883088,0.9655172413793104
1510.0,0.11530583418689777,0.9745714285714285,0.12806828520387445,0.97,0.1258271925034072,0.9655172413793104
1520.0,0.11529505759981197,0.9745714285714285,0.12805165696814116,0.97,0.12583628996649376,0.9655172413793104
1530.0,0.1152844752438759,0.9745714285714285,0.12803528249073556,0.97,0.1258453724113544,0.9655172413793104
1540.0,0.11527408256740532,0.9745714285714285,0.12801915615643197,0.97,0.12585443854571832,0.9655172413793104
1550.0,0.11526387515606537,0.9745714285714285,0.12800327251796634,0.97,0.12586348714808712,0.9655172413793104
1560.0,0.11525384872773123,0.9745714285714285,0.12798762628988047,0.97,0.1258725170642284,0.9655172413793104
1570.0,0.11524399912757692,0.9745714285714285,0.12797221234262696,0.97,0.12588152720384582,0.9655172413793104
1580.0,0.11523432232337248,0.9745714285714285,0.1279570256969218,0.97,0.1258905165374162,0.9655172413793104
1590.0,0.11522481440098625,0.9745714285714285,0.12794206151833262,0.97,0.1258994840931853,0.9655172413793104
1600.0,0.11521547156008055,0.9745714285714285,0.12792731511209257,0.97,0.12590842895431445,0.9655172413793104
1610.0,0.11520629010998784,0.9745714285714285,0.12791278191812866,0.97,0.1259173502561689,0.9655172413793104
1620.0,0.11519726646576697,0.9745714285714285,0.12789845750629425,0.97,0.12592624718374174,0.9655172413793104
1630.0,0.11518839714442067,0.9745714285714285,0.12788433757179749,0.97,0.12593511896920645,0.9655172413793104
1640.0,0.11517967876127592,0.9745714285714285,0.12787041793081574,0.97,0.1259439648895905,0.9655172413793104
1650.0,0.11517110802651266,0.9745714285714285,0.12785669451628767,0.97,0.12595278426456497,0.9655172413793104
1660.0,0.11516268174183891,0.9745714285714285,0.12784316337387525,0.97,0.1259615764543435,0.9655172413793104
1670.0,0.11515439679730274,0.9745714285714285,0.12782982065808768,0.97,0.12597034085768516,0.9655172413793104
1680.0,0.11514625016823445,0.9745714285714285,0.12781666262856003,0.97,0.1259790769099961,0.9655172413793104
1690.0,0.11513823891231503,0.9745714285714285,0.12780368564647984,0.97,0.125987784081525,0.9655172413793104
1700.0,0.11513036016676342,0.9745714285714285,0.1277908861711551,0.97,0.1259964618756471,0.9655172413793104
1710.0,0.11512261114563824,0.9745714285714285,0.12777826075671697,0.97,0.12600510982723387,0.9655172413793104
1720.0,0.11511498913724669,0.9745714285714285,0.1277658060489511,0.97,0.12601372750110112,0.9655172413793104
1730.0,0.11510749150165875,0.9745714285714285,0.1277535187822536,0.97,0.12602231449053486,0.9655172413793104
1740.0,0.1151001156683212,0.9745714285714285,0.12774139577670357,0.97,0.12603087041588862,0.9655172413793104
1750.0,0.11509285913376366,0.9745714285714285,0.12772943393524971,0.97,0.12603939492325017,0.9655172413793104
1760.0,0.11508571945939586,0.9745714285714285,0.12771763024100324,0.97,0.12604788768317307,0.9655172413793104
1770.0,0.11507869426939457,0.9745714285714285,0.12770598175463616,0.97,0.1260563483894707,0.9655172413793104
1780.0,0.11507178124866771,0.9745714285714285,0.12769448561187663,0.97,0.12606477675806887,0.9655172413793104
1790.0,0.11506497814090079,0.9745714285714285,0.12768313902110018,0.97,0.12607317252591477,0.9655172413793104
1800.0,0.11505828274667942,0.9748571428571429,0.12767193926101045,0.97,0.126081535449939,0.9655172413793104
1810.0,0.11505169292168105,0.9748571428571429,0.12766088367840756,0.97,0.1260898653060686,0.9655172413793104
1820.0,0.11504520657493791,0.9748571428571429,0.12764996968603945,0.97,0.12609816188828799,0.9655172413793104
1830.0,0.11503882166716445,0.9748571428571429,0.1276391947605326,0.97,0.1261064250077452,0.9655172413793104
1840.0,0.11503253620915038,0.9748571428571429,0.12762855644039872,0.97,0.1261146544919025,0.9655172413793104
1850.0,0.11502634826021119,0.9748571428571429,0.1276180523241157,0.97,0.12612285018372826,0.9655172413793104
1860.0,0.11502025592669782,0.9748571428571429,0.1276076800682773,0.97,0.12613101194092682,0.9655172413793104
1870.0,0.11501425736056281,0.9748571428571429,0.12759743738581125,0.97,0.1261391396352077,0.9655172413793104
1880.0,0.11500835075797766,0.9748571428571429,0.1275873220442605,0.97,0.12614723315158935,0.9655172413793104
1890.0,0.11500253435800145,0.9748571428571429,0.12757733186412773,0.97,0.12615529238773632,0.9655172413793104
1900.0,0.11499680644129938,0.9748571428571429,0.1275674647172783,0.97,0.1261633172533297,0.9655172413793104
1910.0,0.11499116532890513,0.9748571428571429,0.12755771852539963,0.97,0.12617130766946724,0.9655172413793104
1920.0,0.11498560938103151,0.9748571428571429,0.12754809125851663,0.97,0.1261792635680931,0.9655172413793104
1930.0,0.11498013699592155,0.9748571428571429,0.12753858093355813,0.97,0.12618718489145525,0.9655172413793104
1940.0,0.11497474660874046,0.9748571428571429,0.1275291856129745,0.97,0.12619507159158855,0.9655172413793104
1950.0,0.11496943669050824,0.9748571428571429,0.12751990340340316,0.97,0.12620292362982405,0.9655172413793104
1960.0,0.11496420574706893,0.9748571428571429,0.1275107324543804,0.97,0.12621074097632118,0.9655172413793104
1970.0,0.1149590523180978,0.9748571428571429,0.1275016709570987,0.97,0.12621852360962282,0.9655172413793104
1980.0,0.11495397497613993,0.9748571428571429,0.12749271714320495,0.97,0.12622627151623222,0.9655172413793104
1990.0,0.11494897232568609,0.9748571428571429,0.12748386928364208,0.97,0.12623398469021058,0.9655172413793104
2000.0,0.11494404300227741,0.9748571428571429,0.12747512568752878,0.97,0.12624166313279322,0.9655172413793104
2010.0,0.11493918567164278,0.9748571428571429,0.12746648470107733,0.97,0.12624930685202548,0.9655172413793104
2020.0,0.11493439902886471,0.9748571428571429,0.12745794470654864,0.97,0.12625691586241605,0.9655172413793104
2030.0,0.11492968179757304,0.9748571428571429,0.12744950412124179,0.97,0.126264490184606,0.9655172413793104
2040.0,0.11492503272916818,0.9748571428571429,0.12744116139651762,0.97,0.12627202984505598,0.9655172413793104
2050.0,0.11492045060206721,0.9748571428571429,0.12743291501685491,0.97,0.12627953487574636,0.9655172413793104
2060.0,0.11491593422097743,0.9748571428571429,0.12742476349893736,0.97,0.12628700531389364,0.9655172413793104
2070.0,0.1149114824161929,0.9751428571428571,0.12741670539077166,0.97,0.12629444120167965,0.9655172413793104
2080.0,0.11490709404291476,0.9751428571428571,0.12740873927083285,0.97,0.12630184258599433,0.9655172413793104
2090.0,0.11490276798059405,0.9751428571428571,0.12740086374723986,0.97,0.12630920951819058,0.9655172413793104
2100.0,0.1148985031322936,0.9754285714285714,0.12739307745695524,0.97,0.12631654205385187,0.9655172413793104
2110.0,0.11489429842407478,0.9754285714285714,0.12738537906501302,0.97,0.12632384025257032,0.9655172413793104
2120.0,0.11489015280440047,0.9754285714285714,0.12737776726377023,0.97,0.12633110417773571,0.9655172413793104
2130.0,0.11488606524355746,0.9754285714285714,0.1273702407721821,0.97,0.1263383338963353,0.9655172413793104
2140.0,0.11488203473310032,0.9754285714285714,0.1273627983351019,0.97,0.1263455294787627,0.9655172413793104
2150.0,0.11487806028530788,0.9754285714285714,0.1273554387226012,0.97,0.1263526909986363,0.9655172413793104
2160.0,0.11487414093266146,0.9754285714285714,0.1273481607293125,0.97,0.12635981853262682,0.9655172413793104
2170.0,0.11487027572733666,0.9754285714285714,0.12734096317379273,0.97,0.12636691216029297,0.9655172413793104
2180.0,0.11486646374071158,0.9754285714285714,0.12733384489790608,0.97,0.12637397196392494,0.9655172413793104
2190.0,0.11486270406289104,0.9754285714285714,0.12732680476622593,0.97,0.12638099802839622,0.9655172413793104
2200.0,0.11485899580224267,0.9754285714285714,0.12731984166545635,0.97,0.12638799044102172,0.9655172413793104
2210.0,0.11485533808495271,0.9754285714285714,0.12731295450387023,0.97,0.1263949492914235,0.9655172413793104
2220.0,0.11485173005458754,0.9754285714285714,0.12730614221076492,0.97,0.1264018746714028,0.9655172413793104
2230.0,0.11484817087167554,0.9754285714285714,0.1272994037359355,0.97,0.12640876667481843,0.9655172413793104
2240.0,0.11484465971329813,0.9754285714285714,0.12729273804916247,0.97,0.12641562539747103,0.9655172413793104
2250.0,0.11484119577269104,0.9754285714285714,0.12728614413971578,0.97,0.1264224509369928,0.9655172413793104
2260.0,0.1148377782588633,0.9754285714285714,0.12727962101587445,0.97,0.12642924339274314,0.9655172413793104
2270.0,0.11483440639622078,0.9754285714285714,0.12727316770445873,0.97,0.1264360028657085,0.9655172413793104
2280.0,0.11483107942420509,0.9754285714285714,0.12726678325037855,0.97,0.12644272945840856,0.9655172413793104
2290.0,0.11482779659694166,0.9754285714285714,0.12726046671619284,0.97,0.1264494232748054,0.9655172413793104
2300.0,0.11482455718289762,0.9754285714285714,0.12725421718168434,0.97,0.12645608442021808,0.9655172413793104
2310.0,0.11482136046455009,0.9754285714285714,0.12724803374344512,0.97,0.12646271300124143,0.9655172413793104
2320.0,0.1148182057380632,0.9754285714285714,0.12724191551447456,0.97,0.12646930912566806,0.9655172413793104
2330.0,0.11481509231297583,0.9754285714285714,0.1272358616237904,0.97,0.12647587290241563,0.9655172413793104
2340.0,0.1148120195118959,0.9754285714285714,0.12722987121604873,0.97,0.12648240444145561,0.9655172413793104
2350.0,0.11480898667020359,0.9754285714285714,0.12722394345117685,0.97,0.12648890385374784,0.9655172413793104
2360.0,0.11480599313576782,0.9754285714285714,0.12721807750401584,0.97,0.1264953712511761,0.9655172413793104
2370.0,0.11480303826866042,0.9754285714285714,0.12721227256397385,0.97,0.1265018067464887,0.9655172413793104
2380.0,0.1148001214408885,0.9754285714285714,0.1272065278346884,0.97,0.126508210453241,0.9655172413793104
2390.0,0.11479724203612836,0.9754285714285714,0.12720084253369882,0.97,0.1265145824857408,0.9655172413793104
2400.0,0.11479439944946779,0.9754285714285714,0.12719521589212832,0.97,0.12652092295899636,0.9655172413793104
2410.0,0.1147915930871555,0.9754285714285714,0.127189647154374,0.97,0.12652723198866792,0.9655172413793104
2420.0,0.11478882236635836,0.9754285714285714,0.1271841355778063,0.97,0.12653350969102026,0.9655172413793104
2430.0,0.11478608671492285,0.9754285714285714,0.12717868043247632,0.97,0.1265397561828782,0.9655172413793104
2440.0,0.11478338557114509,0.9754285714285714,0.1271732810008319,0.97,0.12654597158158426,0.9655172413793104
2450.0,0.11478071838354574,0.9757142857142858,0.12716793657744022,0.97,0.12655215600495895,0.9655172413793104
2460.0,0.11477808461064956,0.9757142857142858,0.12716264646871972,0.97,0.12655830957126174,0.9655172413793104
2470.0,0.11477548372077509,0.9757142857142858,0.127157409992678,0.97,0.12656443239915516,0.9655172413793104
2480.0,0.11477291519182412,0.9757142857142858,0.1271522264786573,0.97,0.12657052460766996,0.9655172413793104
2490.0,0.11477037851108132,0.9757142857142858,0.12714709526708712,0.97,0.12657658631617225,0.9655172413793104
2500.0,0.11476787317501633,0.9757142857142858,0.12714201570924266,0.97,0.12658261764433232,0.9655172413793104
2510.0,0.11476539868909041,0.9757142857142858,0.12713698716701108,0.97,0.12658861871209448,0.9655172413793104
2520.0,0.1147629545675711,0.9757142857142858,0.12713200901266244,0.97,0.12659458963964956,0.9655172413793104
2530.0,0.1147605403333492,0.9757142857142858,0.1271270806286282,0.97,0.1266005305474069,0.9655172413793104
2540.0,0.11475815551775918,0.9757142857142858,0.1271222014072843,0.97,0.12660644155596945,0.9655172413793104
2550.0,0.11475579966040822,0.9757142857142858,0.1271173707507407,0.97,0.12661232278610945,0.9655172413793104
2560.0,0.11475347230900465,0.976,0.1271125880706363,0.97,0.12661817435874487,0.9655172413793104
2570.0,0.11475117301919441,0.976,0.12710785278793915,0.97,0.12662399639491745,0.9655172413793104
2580.0,0.11474890135439986,0.976,0.12710316433275176,0.97,0.1266297890157722,0.9655172413793104
2590.0,0.11474665688566109,0.976,0.1270985221441216,0.97,0.12663555234253648,0.9655172413793104
2600.0,0.1147444391914843,0.976,0.1270939256698561,0.97,0.12664128649650203,0.9655172413793104
2610.0,0.11474224785769269,0.976,0.12708937436634338,0.97,0.12664699159900644,0.9655172413793104
2620.0,0.1147400824772781,0.976,0.12708486769837576,0.97,0.12665266777141568,0.9655172413793104
2630.0,0.11473794265026113,0.976,0.12708040513897997,0.97,0.12665831513510822,0.9655172413793104
2640.0,0.11473582798354973,0.976,0.1270759861692497,0.97,0.12666393381145918,0.9655172413793104
2650.0,0.11473373809080531,0.976,0.12707161027818353,0.97,0.12666952392182526,0.9655172413793104
2660.0,0.11473167259230799,0.976,0.12706727696252648,0.97,0.1266750855875316,0.9655172413793104
2670.0,0.11472963111482944,0.976,0.12706298572661576,0.97,0.12668061892985677,0.9655172413793104
2680.0,0.11472761329150438,0.976,0.12705873608222956,0.97,0.1266861240700213,0.9655172413793104
2690.0,0.11472561876170785,0.976,0.12705452754844138,0.97,0.12669160112917455,0.9655172413793104
2700.0,0.11472364717093433,0.976,0.12705035965147504,0.97,0.12669705022838376,0.9655172413793104
2710.0,0.11472169817067987,0.976,0.12704623192456688,0.97,0.12670247148862254,0.9655172413793104
2720.0,0.11471977141832576,0.976,0.12704214390782786,0.97,0.12670786503076026,0.9655172413793104
2730.0,0.11471786657702748,0.976,0.1270380951481113,0.97,0.12671323097555243,0.9655172413793104
2740.0,0.11471598331560331,0.976,0.12703408519888287,0.97,0.12671856944363033,0.9655172413793104
2750.0,0.11471412130842693,0.976,0.12703011362009398,0.97,0.12672388055549244,0.9655172413793104
2760.0,0.11471228023532225,0.976,0.12702617997805787,0.97,0.1267291644314956,0.9655172413793104
2770.0,0.11471045978146088,0.976,0.12702228384532935,0.97,0.12673442119184616,0.9655172413793104
2780.0,0.11470865963725999,0.976,0.12701842480058637,0.97,0.12673965095659276,0.9655172413793104
2790.0,0.11470687949828604,0.976,0.12701460242851556,0.97,0.12674485384561815,0.9655172413793104
2800.0,0.1147051190651567,0.976,0.1270108163196994,0.97,0.1267500299786321,0.9655172413793104
2810.0,0.11470337804344714,0.976,0.12700706607050713,0.97,0.12675517947516407,0.9655172413793104
2820.0,0.11470165614359862,0.976,0.1270033512829864,0.97,0.1267603024545576,0.9655172413793104
2830.0,0.11469995308082728,0.976,0.12699967156476016,0.97,0.12676539903596257,0.9655172413793104
2840.0,0.11469826857503707,0.976,0.12699602652892322,0.97,0.12677046933833,0.9655172413793104
2850.0,0.11469660235073169,0.976,0.12699241579394294,0.97,0.1267755134804063,0.9655172413793104
2860.0,0.11469495413693248,0.976,0.1269888389835615,0.97,0.12678053158072677,0.9655172413793104
2870.0,0.11469332366709357,0.976,0.12698529572670056,0.97,0.12678552375761148,0.9655172413793104
2880.0,0.11469171067902229,0.976,0.1269817856573679,0.97,0.12679049012915894,0.9655172413793104
2890.0,0.11469011491479993,0.976,0.1269783084145666,0.97,0.12679543081324254,0.9655172413793104
2900.0,0.11468853612070247,0.976,0.12697486364220592,0.97,0.12680034592750417,0.9655172413793104
2910.0,0.11468697404712788,0.976,0.12697145098901422,0.97,0.12680523558935158,0.9655172413793104
2920.0,0.11468542844851806,0.976,0.12696807010845368,0.97,0.12681009991595243,0.9655172413793104
2930.0,0.11468389908328872,0.976,0.12696472065863762,0.97,0.1268149390242309,0.9655172413793104
2940.0,0.1146823857137575,0.976,0.12696140230224878,0.97,0.12681975303086376,0.9655172413793104
2950.0,0.11468088810607338,0.976,0.12695811470645976,0.97,0.1268245420522764,0.9655172413793104
2960.0,0.11467940603014834,0.976,0.12695485754285563,0.97,0.12682930620463856,0.9655172413793104
2970.0,0.11467793925959102,0.976,0.12695163048735714,0.97,0.12683404560386194,0.9655172413793104
2980.0,0.1146764875716414,0.976,0.12694843322014687,0.97,0.1268387603655956,0.9655172413793104
2990.0,0.1146750507471048,0.976,0.12694526542559637,0.97,0.12684345060522345,0.9655172413793104
3000.0,0.11467362857028998,0.976,0.1269421267921944,0.97,0.12684811643786081,0.9655172413793104
3010.0,0.11467222082894848,0.976,0.1269390170124779,0.97,0.12685275797835105,0.9655172413793104
3020.0,0.11467082731421172,0.976,0.12693593578296336,0.97,0.12685737534126346,0.9655172413793104
3030.0,0.11466944782053315,0.976,0.12693288280408022,0.97,0.12686196864088925,0.9655172413793104
3040.0,0.11466808214562971,0.9757142857142858,0.12692985778010524,0.97,0.1268665379912397,0.9655172413793104
3050.0,0.11466673009042562,0.9757142857142858,0.12692686041909912,0.97,0.12687108350604331,0.9655172413793104
3060.0,0.11466539145899565,0.9757142857142858,0.12692389043284327,0.97,0.12687560529874287,0.9655172413793104
3070.0,0.11466406605851015,0.9757142857142858,0.12692094753677888,0.97,0.12688010348249323,0.9655172413793104
3080.0,0.1146627536991823,0.9757142857142858,0.12691803144994696,0.97,0.12688457817015925,0.9655172413793104
3090.0,0.11466145419421477,0.9757142857142858,0.12691514189492922,0.97,0.12688902947431263,0.9655172413793104
3100.0,0.11466016735974818,0.9757142857142858,0.12691227859779075,0.97,0.12689345750723052,0.9655172413793104
3110.0,0.1146588930148115,0.976,0.1269094412880239,0.97,0.12689786238089285,0.9655172413793104
3120.0,0.11465763098127059,0.976,0.12690662969849273,0.97,0.12690224420698012,0.9655172413793104
3130.0,0.11465638108378116,0.976,0.12690384356537887,0.97,0.12690660309687182,0.9655172413793104
3140.0,0.11465514314974026,0.976,0.12690108262812907,0.97,0.1269109391616442,0.9655172413793104
3150.0,0.1146539170092395,0.976,0.1268983466294027,0.97,0.12691525251206803,0.9655172413793104
3160.0,0.11465270249501883,0.976,0.1268956353150213,0.97,0.1269195432586072,0.9655172413793104
3170.0,0.11465149944242352,0.976,0.12689294843391877,0.97,0.12692381151141674,0.9655172413793104
3180.0,0.11465030768935637,0.976,0.1268902857380923,0.97,0.12692805738034113,0.9655172413793104
3190.0,0.11464912707623763,0.9762857142857143,0.12688764698255484,0.97,0.126932280974912,0.9655172413793104
3200.0,0.11464795744596076,0.9762857142857143,0.12688503192528783,0.97,0.12693648240434754,0.9655172413793104
3210.0,0.11464679864385079,0.9762857142857143,0.12688244032719564,0.97,0.12694066177755026,0.9655172413793104
3220.0,0.11464565051762446,0.9762857142857143,0.12687987195206035,0.97,0.12694481920310496,0.9655172413793104
3230.0,0.11464451291734903,0.9762857142857143,0.1268773265664974,0.97,0.12694895478927815,0.9655172413793104
3240.0,0.11464338569540235,0.9762857142857143,0.12687480393991268,0.97,0.12695306864401568,0.9655172413793104
3250.0,0.11464226870643593,0.9762857142857143,0.12687230384445966,0.97,0.12695716087494222,0.9655172413793104
3260.0,0.11464116180733538,0.9762857142857143,0.12686982605499827,0.97,0.1269612315893589,0.9655172413793104
3270.0,0.11464006485718381,0.9762857142857143,0.12686737034905332,0.97,0.12696528089424275,0.9655172413793104
3280.0,0.11463897771722513,0.9762857142857143,0.12686493650677513,0.97,0.12696930889624436,0.9655172413793104
3290.0,0.11463790025082826,0.9762857142857143,0.12686252431089998,0.97,0.1269733157016882,0.9655172413793104
3300.0,0.11463683232345162,0.9762857142857143,0.12686013354671172,0.97,0.12697730141656935,0.9655172413793104
3310.0,0.11463577380260803,0.9762857142857143,0.12685776400200374,0.97,0.12698126614655394,0.9655172413793104
3320.0,0.11463472455783275,0.9762857142857143,0.12685541546704204,0.97,0.12698520999697704,0.9655172413793104
3330.0,0.11463368446064715,0.9762857142857143,0.1268530877345288,0.97,0.12698913307284165,0.9655172413793104
3340.0,0.11463265338452876,0.9762857142857143,0.12685078059956706,0.97,0.126993035478818,0.9655172413793104
3350.0,0.11463163120487739,0.9762857142857143,0.12684849385962493,0.97,0.1269969173192418,0.9655172413793104
3360.0,0.11463061779898359,0.9762857142857143,0.1268462273145018,0.97,0.12700077869811352,0.9655172413793104
3370.0,0.11462961304599914,0.9762857142857143,0.12684398076629463,0.97,0.12700461971909738,0.9655172413793104
3372.0,0.11462941312324573,0.9762857142857143,0.12684353383902736,0.97,0.12700538548944626,0.9655172413793104
